<?xml version="1.0" encoding="UTF-8"?>
	<odoo>
		<data>
			<!-- Main Menu -->
			<menuitem name="oeHealth" id="oeh_medical_menu" icon="STOCK_ZOOM_IN"/>

			<!-- Health Centers -->

			<menuitem name="Health Centers" id="oeh_medical_hospital_menu" parent="oeh_medical_menu" sequence="1"/>

			<!-- Patient -->
			<menuitem name="Patient Management" id="oeh_medical_patients_menu" parent="oeh_medical_menu" sequence="2"/>

			<menuitem name="Physicians &amp; Appointments" id="oeh_medical_appointment_menu" parent="oeh_medical_menu" sequence="3"/>

			<!-- Config Menu -->
			<menuitem name="Configuration" id="oeh_medical_conf_menu" parent="oeh_medical_menu" sequence="13"/>
			<menuitem name="Patient" id="oeh_medical_conf_patient" parent="oeh_medical_conf_menu" sequence="4"/>
			<menuitem name="Physician" id="oeh_medical_conf_physician" parent="oeh_medical_conf_menu" sequence="5"/>
			<menuitem name="Pathology" id="oeh_medical_conf_pathology" parent="oeh_medical_conf_menu" sequence="7"/>
			<menuitem name="Health Products" id="oeh_medical_conf_medicaments" parent="oeh_medical_conf_menu" sequence="8"/>
			<menuitem name="Operational Areas" id="oeh_medical_conf_operational_areas" parent="oeh_medical_conf_menu" sequence="9"/>
			<menuitem name="Insurances" id="oeh_medical_conf_insurances" parent="oeh_medical_conf_menu" sequence="10"/>

			<!-- Laboratory Management -->
			<menuitem name="Laboratory" id="oeh_medical_conf_laboratory" parent="oeh_medical_conf_menu" sequence="6"/>
			<menuitem name="Laboratory" id="oeh_medical_laboratory_menu" parent="oeh_medical_menu" sequence="5"/>

			<!-- Pediatrics Management -->
		    <menuitem name="Pediatrics" id="oeh_medical_pediatrics_menu" parent="oeh_medical_menu" sequence="6"/>

			<!-- Procedures Codes Conf Menu -->
		    <menuitem name="Medical Procedures" id="oeh_medical_procedures_conf_menu" parent="oeh_medical_conf_menu" sequence="4"/>

			<!-- Surgery Management -->
		    <menuitem name="Surgeries" id="oeh_medical_surgery_menu" parent="oeh_medical_menu" sequence="5"/>

			<!-- Ophthalmology Management -->
            <menuitem name="Ophthalmology" id="oeh_medical_ophthalmology_menu" parent="oeh_medical_menu" sequence="5"/>

			<!-- Nursing Management -->
            <menuitem name="Nursing" id="oeh_medical_nursing_menu" parent="oeh_medical_menu" sequence="7"/>

			<!-- Imaging Management -->
            <menuitem name="Imaging" id="oeh_medical_imaging_menu" parent="oeh_medical_menu" sequence="6"/>
            <menuitem name="Imaging" id="oeh_medical_imaging_conf_menu" parent="oeh_medical_conf_menu" sequence="6"/>


		</data>
	</odoo>