<?xml version="1.0"?>
<odoo>
    <data>

        <!-- Patient -->

        <record id="oeh_medical_patient_patient_profile" model="ir.rule">
            <field name="name">Each patient can see only own profile</field>
            <field name="model_id" ref="model_oeh_medical_patient"/>
            <field name="domain_force">[('oeh_patient_user_id', '=', user.id)]</field>
            <field name="groups" eval="[(4, ref('oehealth_all_in_one.group_oeh_medical_patient'))]"/>
        </record>

        <record id="oeh_medical_patient_physician_admin_profile" model="ir.rule">
            <field name="name">Physician and administrator can see all the patients</field>
            <field name="model_id" ref="model_oeh_medical_patient"/>
            <field name="domain_force">[(1, '=', 1)]</field>
            <field name="groups" eval="[(4, ref('oehealth_all_in_one.group_oeh_medical_physician')),(4, ref('oehealth_all_in_one.group_oeh_medical_manager'))]"/>
        </record>

        <!-- Appointments -->

        <record id="oeh_medical_appointment_patient" model="ir.rule">
            <field name="name">Each patient can see only own appointments</field>
            <field name="model_id" ref="model_oeh_medical_appointment"/>
            <field name="domain_force">['|', ('patient', '=', False), ('patient.oeh_patient_user_id', '=', user.id)]</field>
            <field name="groups" eval="[(4, ref('oehealth_all_in_one.group_oeh_medical_patient'))]"/>
        </record>

        <record id="oeh_medical_appointment_physician" model="ir.rule">
            <field name="name">Each physician can see only own appointment</field>
            <field name="model_id" ref="model_oeh_medical_appointment"/>
            <field name="domain_force">['|', ('doctor', '=', False), ('doctor.oeh_user_id', '=', user.id)]</field>
            <field name="groups" eval="[(4, ref('oehealth_all_in_one.group_oeh_medical_physician'))]"/>
        </record>

        <record id="oeh_medical_appointment_admin" model="ir.rule">
            <field name="name">Access all the appointments</field>
            <field name="model_id" ref="model_oeh_medical_appointment"/>
            <field name="domain_force">[(1, '=', 1)]</field>
            <field name="groups" eval="[(4, ref('oehealth_all_in_one.group_oeh_medical_manager'))]"/>
        </record>

        <!-- Prescriptions -->

        <record id="oeh_medical_prescription_patient" model="ir.rule">
            <field name="name">Each patient can see only own prescriptions</field>
            <field name="model_id" ref="model_oeh_medical_prescription"/>
            <field name="domain_force">['|', ('patient', '=', False), ('patient.oeh_patient_user_id', '=', user.id)]</field>
            <field name="groups" eval="[(4, ref('oehealth_all_in_one.group_oeh_medical_patient'))]"/>
        </record>

        <record id="oeh_medical_prescription_physician" model="ir.rule">
            <field name="name">Each physician can see only own prescriptions</field>
            <field name="model_id" ref="model_oeh_medical_prescription"/>
            <field name="domain_force">['|', ('doctor', '=', False), ('doctor.oeh_user_id', '=', user.id)]</field>
            <field name="groups" eval="[(4, ref('oehealth_all_in_one.group_oeh_medical_physician'))]"/>
        </record>

        <record id="oeh_medical_prescription_admin" model="ir.rule">
            <field name="name">Access all the prescriptions</field>
            <field name="model_id" ref="model_oeh_medical_prescription"/>
            <field name="domain_force">[(1, '=', 1)]</field>
            <field name="groups" eval="[(4, ref('oehealth_all_in_one.group_oeh_medical_manager'))]"/>
        </record>

        <!-- Inpatient Admissions -->

        <record id="oeh_medical_inpatient_mydetails_global" model="ir.rule">
            <field name="name">Each patient can see only own admissions</field>
            <field name="model_id" ref="model_oeh_medical_inpatient_mydetails"/>
            <field name="domain_force">['|', ('patient', '=', False), ('patient.oeh_patient_user_id', '=', user.id)]</field>
            <field name="global" eval="True"/>
        </record>

        <!-- Physician -->

        <record id="oeh_medical_physician_physician" model="ir.rule">
            <field name="name">Each physican can see only own profile</field>
            <field name="model_id" ref="model_oeh_medical_physician"/>
            <field name="domain_force">[('oeh_user_id', '=', user.id)]</field>
            <field name="groups" eval="[(4, ref('oehealth_all_in_one.group_oeh_medical_physician'))]"/>
        </record>

        <record id="oeh_medical_physician_physician_admin" model="ir.rule">
            <field name="name">Patient and administrator can see all the physicians</field>
            <field name="model_id" ref="model_oeh_medical_physician"/>
            <field name="domain_force">[(1, '=', 1)]</field>
            <field name="groups" eval="[(4, ref('oehealth_all_in_one.group_oeh_medical_patient')),(4, ref('oehealth_all_in_one.group_oeh_medical_manager'))]"/>
        </record>

        <!-- Vaccines -->

        <record id="oeh_medical_vaccines_patient" model="ir.rule">
            <field name="name">Each patient can see only own vaccines</field>
            <field name="model_id" ref="model_oeh_medical_vaccines"/>
            <field name="domain_force">['|', ('patient', '=', False), ('patient.oeh_patient_user_id', '=', user.id)]</field>
            <field name="groups" eval="[(4, ref('oehealth_all_in_one.group_oeh_medical_patient'))]"/>
        </record>

        <record id="oeh_medical_patient_physician_vaccine" model="ir.rule">
            <field name="name">Physician and administrator can see all the vaccines</field>
            <field name="model_id" ref="model_oeh_medical_vaccines"/>
            <field name="domain_force">[(1, '=', 1)]</field>
            <field name="groups" eval="[(4, ref('oehealth_all_in_one.group_oeh_medical_physician')),(4, ref('oehealth_all_in_one.group_oeh_medical_manager'))]"/>
        </record>

        <!-- Evaluations -->

        <record id="oeh_medical_patient_evaluation_profile" model="ir.rule">
            <field name="name">Each patient can see only own evaluation</field>
            <field name="model_id" ref="model_oeh_medical_evaluation"/>
            <field name="domain_force">['|', ('patient', '=', False), ('patient.oeh_patient_user_id', '=', user.id)]</field>
            <field name="groups" eval="[(4, ref('oehealth_all_in_one.group_oeh_medical_patient'))]"/>
        </record>

        <record id="oeh_medical_evaluation_physician" model="ir.rule">
            <field name="name">Each physician can see only own evaluation</field>
            <field name="model_id" ref="model_oeh_medical_evaluation"/>
            <field name="domain_force">['|', ('doctor', '=', False), ('doctor.oeh_user_id', '=', user.id)]</field>
            <field name="groups" eval="[(4, ref('oehealth_all_in_one.group_oeh_medical_physician'))]"/>
        </record>

        <record id="oeh_medical_evaluation_admin" model="ir.rule">
            <field name="name">Access all the evaluations</field>
            <field name="model_id" ref="model_oeh_medical_evaluation"/>
            <field name="domain_force">[(1, '=', 1)]</field>
            <field name="groups" eval="[(4, ref('oehealth_all_in_one.group_oeh_medical_manager'))]"/>
        </record>

        <!-- Lab Tests -->

        <record id="oeh_medical_patient_lab_test_profile" model="ir.rule">
            <field name="name">Each patient can see only own lab tests</field>
            <field name="model_id" ref="model_oeh_medical_lab_test"/>
            <field name="domain_force">['|', ('patient', '=', False), ('patient.oeh_patient_user_id', '=', user.id)]</field>
            <field name="groups" eval="[(4, ref('oehealth_all_in_one.group_oeh_medical_patient'))]"/>
        </record>

        <record id="oeh_medical_lab_test_physician" model="ir.rule">
            <field name="name">Each physician can see only own lab tests</field>
            <field name="model_id" ref="model_oeh_medical_lab_test"/>
            <field name="domain_force">['|', ('pathologist', '=', False), ('pathologist.oeh_user_id', '=', user.id)]</field>
            <field name="groups" eval="[(4, ref('oehealth_all_in_one.group_oeh_medical_physician'))]"/>
        </record>

        <record id="oeh_medical_lab_test_admin" model="ir.rule">
            <field name="name">Access all the lab tests</field>
            <field name="model_id" ref="model_oeh_medical_lab_test"/>
            <field name="domain_force">[(1, '=', 1)]</field>
            <field name="groups" eval="[(4, ref('oehealth_all_in_one.group_oeh_medical_manager'))]"/>
        </record>

        <!-- Pediatrics System Checklist -->

        <record id="oeh_medical_pediatrics_psc_profile" model="ir.rule">
            <field name="name">Each patient can see only own psc</field>
            <field name="model_id" ref="model_oeh_medical_pediatrics_psc"/>
            <field name="domain_force">['|', ('patient', '=', False), ('patient.oeh_patient_user_id', '=', user.id)]</field>
            <field name="groups" eval="[(4, ref('oehealth_all_in_one.group_oeh_medical_patient'))]"/>
        </record>

        <record id="oeh_medical_pediatrics_psc_physician" model="ir.rule">
            <field name="name">Access all the psc</field>
            <field name="model_id" ref="model_oeh_medical_pediatrics_psc"/>
            <field name="domain_force">[(1, '=', 1)]</field>
            <field name="groups" eval="[(4, ref('oehealth_all_in_one.group_oeh_medical_physician'))]"/>
        </record>

        <record id="oeh_medical_pediatrics_psc_admin" model="ir.rule">
            <field name="name">Access all the psc</field>
            <field name="model_id" ref="model_oeh_medical_pediatrics_psc"/>
            <field name="domain_force">[(1, '=', 1)]</field>
            <field name="groups" eval="[(4, ref('oehealth_all_in_one.group_oeh_medical_manager'))]"/>
        </record>

        <!-- RCRI -->

        <record id="oeh_medical_surgery_rcri_profile" model="ir.rule">
            <field name="name">Each patient can see only own rcri</field>
            <field name="model_id" ref="model_oeh_medical_surgery_rcri"/>
            <field name="domain_force">['|', ('patient', '=', False), ('patient.oeh_patient_user_id', '=', user.id)]</field>
            <field name="groups" eval="[(4, ref('oehealth_all_in_one.group_oeh_medical_patient'))]"/>
        </record>

        <record id="oeh_medical_surgery_rcri_physician" model="ir.rule">
            <field name="name">Access all the rcri</field>
            <field name="model_id" ref="model_oeh_medical_surgery_rcri"/>
            <field name="domain_force">[(1, '=', 1)]</field>
            <field name="groups" eval="[(4, ref('oehealth_all_in_one.group_oeh_medical_physician'))]"/>
        </record>

        <record id="oeh_medical_surgery_rcri_admin" model="ir.rule">
            <field name="name">Access all the rcri</field>
            <field name="model_id" ref="model_oeh_medical_surgery_rcri"/>
            <field name="domain_force">[(1, '=', 1)]</field>
            <field name="groups" eval="[(4, ref('oehealth_all_in_one.group_oeh_medical_manager'))]"/>
        </record>

        <!-- Surgeries -->

        <record id="oeh_medical_surgery_profile" model="ir.rule">
            <field name="name">Each patient can see only own surgeries</field>
            <field name="model_id" ref="model_oeh_medical_surgery"/>
            <field name="domain_force">['|', ('patient', '=', False), ('patient.oeh_patient_user_id', '=', user.id)]</field>
            <field name="groups" eval="[(4, ref('oehealth_all_in_one.group_oeh_medical_patient'))]"/>
        </record>

        <record id="oeh_medical_surgery_physician" model="ir.rule">
            <field name="name">Each physician can see only own surgeries</field>
            <field name="model_id" ref="model_oeh_medical_surgery"/>
            <field name="domain_force">['|', ('surgeon', '=', False), ('surgeon.oeh_user_id', '=', user.id)]</field>
            <field name="groups" eval="[(4, ref('oehealth_all_in_one.group_oeh_medical_physician'))]"/>
        </record>

        <record id="oeh_medical_surgery_admin" model="ir.rule">
            <field name="name">Access all the surgeries</field>
            <field name="model_id" ref="model_oeh_medical_surgery"/>
            <field name="domain_force">[(1, '=', 1)]</field>
            <field name="groups" eval="[(4, ref('oehealth_all_in_one.group_oeh_medical_manager'))]"/>
        </record>

        <!-- Ophthalmology Management -->

        <record id="oeh_medical_ophthalmology_profile" model="ir.rule">
            <field name="name">Each patient can see only own ophthalmology</field>
            <field name="model_id" ref="model_oeh_medical_ophthalmology"/>
            <field name="domain_force">['|', ('patient', '=', False), ('patient.oeh_patient_user_id', '=', user.id)]</field>
            <field name="groups" eval="[(4, ref('oehealth_all_in_one.group_oeh_medical_patient'))]"/>
        </record>

        <record id="oeh_medical_ophthalmology_physician" model="ir.rule">
            <field name="name">Each physician can see only own ophthalmology</field>
            <field name="model_id" ref="model_oeh_medical_ophthalmology"/>
            <field name="domain_force">['|', ('doctor', '=', False), ('doctor.oeh_user_id', '=', user.id)]</field>
            <field name="groups" eval="[(4, ref('oehealth_all_in_one.group_oeh_medical_physician'))]"/>
        </record>

        <record id="oeh_medical_ophthalmology_admin" model="ir.rule">
            <field name="name">Access all the ophthalmology</field>
            <field name="model_id" ref="model_oeh_medical_ophthalmology"/>
            <field name="domain_force">[(1, '=', 1)]</field>
            <field name="groups" eval="[(4, ref('oehealth_all_in_one.group_oeh_medical_manager'))]"/>
        </record>

        <!-- Rounding Management -->

        <record id="oeh_medical_patient_rounding_profile" model="ir.rule">
            <field name="name">Each patient can see only own rounding details</field>
            <field name="model_id" ref="model_oeh_medical_patient_rounding"/>
            <field name="domain_force">['|', ('patient', '=', False), ('patient.oeh_patient_user_id', '=', user.id)]</field>
            <field name="groups" eval="[(4, ref('oehealth_all_in_one.group_oeh_medical_patient'))]"/>
        </record>

        <record id="oeh_medical_patient_rounding_physician" model="ir.rule">
            <field name="name">Each physician can see only own rounding details</field>
            <field name="model_id" ref="model_oeh_medical_patient_rounding"/>
            <field name="domain_force">['|', ('doctor', '=', False), ('doctor.oeh_user_id', '=', user.id)]</field>
            <field name="groups" eval="[(4, ref('oehealth_all_in_one.group_oeh_medical_physician'))]"/>
        </record>

        <record id="oeh_medical_patient_rounding_admin" model="ir.rule">
            <field name="name">Access all the rounding details</field>
            <field name="model_id" ref="model_oeh_medical_patient_rounding"/>
            <field name="domain_force">[(1, '=', 1)]</field>
            <field name="groups" eval="[(4, ref('oehealth_all_in_one.group_oeh_medical_manager'))]"/>
        </record>

        <!-- Ambulatory Cares Management -->

        <record id="oeh_medical_patient_ambulatory_cares_profile" model="ir.rule">
            <field name="name">Each patient can see only own ambulatory cares details</field>
            <field name="model_id" ref="model_oeh_medical_patient_ambulatory"/>
            <field name="domain_force">['|', ('patient', '=', False), ('patient.oeh_patient_user_id', '=', user.id)]</field>
            <field name="groups" eval="[(4, ref('oehealth_all_in_one.group_oeh_medical_patient'))]"/>
        </record>

        <record id="oeh_medical_patient_ambulatory_cares_physician" model="ir.rule">
            <field name="name">Each physician can see only own ambulatory cares</field>
            <field name="model_id" ref="model_oeh_medical_patient_ambulatory"/>
            <field name="domain_force">['|', ('doctor', '=', False), ('doctor.oeh_user_id', '=', user.id)]</field>
            <field name="groups" eval="[(4, ref('oehealth_all_in_one.group_oeh_medical_physician'))]"/>
        </record>

        <record id="oeh_medical_patient_ambulatory_cares_admin" model="ir.rule">
            <field name="name">Access all the ambulatory cares details</field>
            <field name="model_id" ref="model_oeh_medical_patient_ambulatory"/>
            <field name="domain_force">[(1, '=', 1)]</field>
            <field name="groups" eval="[(4, ref('oehealth_all_in_one.group_oeh_medical_manager'))]"/>
        </record>

        <!-- Imaging Test Management -->

        <record id="oeh_medical_imaging_profile" model="ir.rule">
            <field name="name">Each patient can see only own imaging record</field>
            <field name="model_id" ref="model_oeh_medical_imaging"/>
            <field name="domain_force">['|', ('patient', '=', False), ('patient.oeh_patient_user_id', '=', user.id)]</field>
            <field name="groups" eval="[(4, ref('oehealth_all_in_one.group_oeh_medical_patient'))]"/>
        </record>

        <record id="oeh_medical_imaging_physician" model="ir.rule">
            <field name="name">Each physician can see only own imaging record</field>
            <field name="model_id" ref="model_oeh_medical_imaging"/>
            <field name="domain_force">['|', ('requestor', '=', False), ('requestor.oeh_user_id', '=', user.id)]</field>
            <field name="groups" eval="[(4, ref('oehealth_all_in_one.group_oeh_medical_physician'))]"/>
        </record>

        <record id="oeh_medical_imaging_admin" model="ir.rule">
            <field name="name">Access all the imaging</field>
            <field name="model_id" ref="model_oeh_medical_imaging"/>
            <field name="domain_force">[(1, '=', 1)]</field>
            <field name="groups" eval="[(4, ref('oehealth_all_in_one.group_oeh_medical_manager'))]"/>
        </record>

        <!-- Register for Walkin -->

        <record id="oeh_medical_appointment_register_walkin_profile" model="ir.rule">
            <field name="name">Each patient can see only own walk in</field>
            <field name="model_id" ref="model_oeh_medical_appointment_register_walkin"/>
            <field name="domain_force">['|', ('patient', '=', False), ('patient.oeh_patient_user_id', '=', user.id)]</field>
            <field name="groups" eval="[(4, ref('oehealth_all_in_one.group_oeh_medical_patient'))]"/>
        </record>

        <record id="oeh_medical_appointment_register_walkin_physician" model="ir.rule">
            <field name="name">Each physician can see only own walk ins</field>
            <field name="model_id" ref="model_oeh_medical_appointment_register_walkin"/>
            <field name="domain_force">['|', ('doctor', '=', False), ('doctor.oeh_user_id', '=', user.id)]</field>
            <field name="groups" eval="[(4, ref('oehealth_all_in_one.group_oeh_medical_physician'))]"/>
        </record>

        <record id="oeh_medical_appointment_register_walkin_admin" model="ir.rule">
            <field name="name">Access all the walk ins</field>
            <field name="model_id" ref="model_oeh_medical_appointment_register_walkin"/>
            <field name="domain_force">[(1, '=', 1)]</field>
            <field name="groups" eval="[(4, ref('oehealth_all_in_one.group_oeh_medical_manager'))]"/>
        </record>


    </data>
</odoo>
